words,frequencies
you,68
What,46
the,43
is,39
a,38
of,29
that,28
to,28
your,27
do,26
are,18
and,18
in,18
what,16
would,12
some,11
for,11
who,10
have,10
on,10
an,9
What's,9
ever,9
it,9
but,8
can,8
be,7
how,7
best,7
as,7
What’s,7
people,6
song,6
were,6
it?,5
make,5
You,5
or,5
reddit,5
worst,5
Reddit,5
about,5
think,5
?,5
when,5
People,4
victims,4
out,4
they,4
all,4
How,4
you’ve,4
thing,4
most,4
things,4
someone,4
was,4
if,4
with,3
them,3
their,3
want,3
bed,3
much,3
The,3
now,3
did,3
advice,3
you've,3
give,3
has,3
from,3
Guys,3
game,3
bad,3
good,3
made,3
person,3
had,3
sex,3
time,3
say,3
back,3
If,3
feel,3
signs,3
one,3
human,2
tips,2
relationship?,2
secretly,2
sell,2
kids,2
weird,2
do?,2
Redditors,2
only,2
play,2
video,2
games,2
day,2
experience,2
up,2
new,2
last,2
death,2
of?,2
received,2
changed,2
life?,2
biggest,2
Without,2
where,2
us,2
way,2
name,2
focusing,2
oppression,2
not,2
kind,2
creepy,2
girls,2
free,2
played?,2
living,2
this,2
race,2
top,2
time?,2
since,2
know,2
love,2
figure,2
Why,2
so,2
been,2
there,2
up?,2
say?,2
worse,2
question,2
Who,2
what’s,2
could,2
every,2
really,2
like,2
subtle,2
Why?,2
country,2
length,2
Serious,2
help,1
fight,1
trafficking,1
spotting,1
illegal,1
activity,1
reporting,1
common,1
mistakes,1
tasked,1
creating,1
fake,1
heaven,1
tortures,1
unnoticeable,1
inconveniences,1
add,1
torture,1
without,1
figuring,1
aren't,1
heaven?,1
trying,1
cabbages,1
group,1
animals,1
keep,1
destroying,1
adults,1
stuff,1
lay,1
ghost/paranormal,1
story?,1
wake,1
CEO,1
Facebook,1
creep,1
users,1
possible,1
infrastructure,1
data,1
title,1
listened,1
cause,1
die,1
underrated,1
topping,1
pizza?,1
legitimately,1
bullet,1
dodged?,1
‘NEVER,1
again’,1
item,1
brand,1
store,1
restaurant?,1
naming,1
location,1
live?,1
Elders,1
sage,1
younger,1
folks?,1
teacher,1
said/done,1
destroy,1
self-confidence?,1
"""Only",1
90s,1
will,1
"remember""",1
memory,1
willing,1
share?,1
brutal,1
truth,1
life,1
needs,1
said?,1
underestimate,1
difficulty,1
In,1
expensive,1
poor?,1
pet,1
stegosaurus?,1
Holocaust,1
survivor,1
Alex,1
Hershaft,1
said,1
beneficial,1
because,1
"""will",1
never,1
"same""",1
"""we",1
rather,1
than,1
cancer,1
"itself""",1
keeps,1
uniting,1
opinion,1
mindset?,1
uncomfortable?,1
PC,1
driver?,1
drive,1
around,1
selling,1
cheap,1
chinese,1
stereos,1
saying,1
company,1
messed,1
got,1
extra,1
order,1
originally,1
$2000,1
right,1
$200,1
wtf,1
thinking?,1
superior,1
cake,1
planet?,1
difference,1
between,1
guy,1
amazing,1
bed?,1
horse?,1
whats,1
specifying,1
category,1
three,1
mobile,1
For,1
men,1
used,1
"""creepy""",1
towards,1
women,1
stopped,1
realize,1
prompted,1
change?,1
Mute,1
vocal,1
should,1
mute,1
folk,1
general?,1
Hi,1
world,1
famous,1
dead,1
Twitter,1
account,1
still,1
alive?,1
So,1
man,1
woman,1
completely,1
isolated,1
birth,1
no,1
exposure,1
anything,1
long,1
take,1
works?,1
Extroverts,1
Reddit?,1
talk,1
damn,1
much?,1
fictional,1
affected,1
most?,1
prison,1
movies,1
TV,1
shows,1
depict,1
accurately?,1
Is,1
album,1
liked,1
*every*,1
you're,1
mentally,1
tired,1
simply,1
working,1
again?,1
Children,1
families,1
followed,1
Gerber,1
financial,1
plan,1
end,1
books,1
recommend,1
young,1
adult,1
feels,1
lost?,1
GREEN,1
flags,1
mistake,1
humans,1
made?,1
texted,1
first,1
during,1
Gamers,1
obscure/forgotten,1
deserve,1
more,1
attention?,1
stop,1
yourself,1
slipping,1
depressive,1
phase,1
serious,1
honest,1
be/has,1
asked,1
Ed,1
lesson,1
homemade,1
gift,1
someone?,1
personal,1
criteria,1
whether,1
something,1
deserves,1
upvote/downvote?,1
actor,1
doesn't,1
act,1
yet,1
famous?,1
funniest,1
interaction,1
toddler?,1
story,1
behind,1
username,1
regularly,1
use?,1
stupid,1
done,1
child?,1
historical,1
generally,1
regarded,1
positive,1
light,1
actually,1
person?,1
You’ve,1
heard,1
“wolf,1
sheep’s,1
clothing”,1
example,1
sheep,1
wolf’s,1
clothing?,1
intrinsically,1
linked,1
moment,1
best?,1
money,1
spend,1
at,1
PetSmart,1
buy?,1
Gay,1
"""Oh",1
wait,1
I,1
I'm,1
"gay""",1
moment?,1
telepathic,1
powers,1
reach,1
earth,1
Many,1
decisions,1
while,1
under,1
influence,1
Have,1
decision,1
drunk?,1
united,1
states,1
debt?,1
Students,1
cheated/is,1
cheating,1
justification,1
cheating?,1
Do,1
guilty?,1
why,1
not?,1
suddenly,1
considered,1
celebrity,1
beautiful,1
seen/experienced?,1
And,1
affect,1
you?,1
NOT,1
fun,1
fact?,1
sayings/idioms/quotes,1
view,1
things?,1
punishment,1
doesn’t,1
involve,1
physical,1
harm?,1
does,1
grow,1
coffee?,1
secret,1
lasting,1
marriage?,1
wealthy?,1
reason,1
miss,1
class?,1
Android,1
vs,1
IPhone,1
-,1
which,1
prefer,1
why?,1
makes,1
emotional,1
hear,1
favorite,1
don’t,1
“hello”,1
answer,1
phone,1
move,1
stay,1
permanently,1
also,1
get,1
$1 000 000,1
choose?,1
topic,1
point,1
conversation,1
that’ll,1
toxic,1
instant?,1
standard,1
giving,1
award?,1
regret,1
teenager?,1
Which,1
penis,1
little,1
finger,1
thigh?,1
part,1
town/house?,1
cutest,1
female,1
hairstyle?,1
favourite,1
beer?,1
food,1
combo,1
everyone,1
else,1
seems,1
hate?,1
super,1
flat,1
chested,1
complete,1
turn,1
off,1
you ?,1
puts,1
better,1
mood,1
instantly?,1
repeat,1
day?,1
intelligent?,1
change,1
programmer?,1
alien?,1
perseverance,1
rover,1
Mars,1
sends,1
images,1
alien,1
being,1
clear,1
Realistically,1
happen,1
next,1
here,1
earth?,1
Everyone,1
agenda,1
yours?,1
cover,1
version,1
heard?,1
Private,1
Investigators,1
job,1
continuing,1
profession?,1
happened?,1
go,1
year,1
travel,1
to?,1
remarkable,1
coincidence,1
happened,1
believe,1
can't,1
just,1
coincidence?,1
