title,flair,date_created,upvotes,upvote_ratio,id,edited,is_locked,nsfw,is_spoiler,stickied,url,comment_count,text
What actor/actress was completely 100% wrong for the role?,,02-22-2021 18:10:00,31995,0.93,lpqamu,False,False,False,False,False,https://www.reddit.com/r/AskReddit/comments/lpqamu/what_actoractress_was_completely_100_wrong_for/,21956,
What two videogames would make a great game combined?,,02-22-2021 12:54:18,37674,0.92,lpkaym,False,False,False,False,False,https://www.reddit.com/r/AskReddit/comments/lpkaym/what_two_videogames_would_make_a_great_game/,17374,
"Hacky sackers that used to just hang out in the common areas at school and hacky sack all the time, where are you today?",,02-22-2021 17:07:07,4102,0.95,lpostw,False,False,False,False,False,https://www.reddit.com/r/AskReddit/comments/lpostw/hacky_sackers_that_used_to_just_hang_out_in_the/,998,
"Depressed people, how do you motivate yourself to do things, even small tasks? [Serious]",Serious Replies Only,02-22-2021 20:35:36,1844,0.94,lpuh8m,False,False,False,False,False,https://www.reddit.com/r/AskReddit/comments/lpuh8m/depressed_people_how_do_you_motivate_yourself_to/,795,
"If you weren't on Reddit right now, what would you be doing?",,02-22-2021 15:54:43,6998,0.95,lpnbyr,False,False,False,False,False,https://www.reddit.com/r/AskReddit/comments/lpnbyr/if_you_werent_on_reddit_right_now_what_would_you/,3354,
What are some facts that can actually save someone’s life?,,02-22-2021 14:56:42,5276,0.96,lpmamq,False,False,False,False,False,https://www.reddit.com/r/AskReddit/comments/lpmamq/what_are_some_facts_that_can_actually_save/,3179,
What is something that the younger generations will never get to experience that was instrumental to you growing up?,,02-22-2021 12:57:41,3357,0.97,lpkcll,False,False,False,False,False,https://www.reddit.com/r/AskReddit/comments/lpkcll/what_is_something_that_the_younger_generations/,2695,
What did you learn too late in life?,,02-22-2021 18:26:14,611,0.95,lpqswn,False,False,False,False,False,https://www.reddit.com/r/AskReddit/comments/lpqswn/what_did_you_learn_too_late_in_life/,525,
What’s something from the 2000’s that desperately needs a comeback in the 2020’s? And why?,,02-22-2021 05:56:47,12832,0.95,lpdf82,False,False,False,False,False,https://www.reddit.com/r/AskReddit/comments/lpdf82/whats_something_from_the_2000s_that_desperately/,6669,
What says you’re stupid without saying you’re stupid?,,02-22-2021 06:46:52,6855,0.95,lpeb9r,False,False,False,False,False,https://www.reddit.com/r/AskReddit/comments/lpeb9r/what_says_youre_stupid_without_saying_youre_stupid/,4792,
"You wind up in hell after you die. When you arrive, Satan informs you that it’s just regular life but you have to pick a minor inconvenience to plague you for all eternity. What do you pick?",,02-22-2021 03:43:27,48893,0.83,lpazgo,False,False,False,False,False,https://www.reddit.com/r/AskReddit/comments/lpazgo/you_wind_up_in_hell_after_you_die_when_you_arrive/,12056,
What do you think about adults that don’t eat vegetables?,,02-22-2021 06:00:17,6736,0.92,lpdhhy,False,False,False,False,False,https://www.reddit.com/r/AskReddit/comments/lpdhhy/what_do_you_think_about_adults_that_dont_eat/,3153,
Which movie is the biggest waste of potential?,,02-22-2021 23:13:13,157,0.93,lpyk3f,False,False,False,False,False,https://www.reddit.com/r/AskReddit/comments/lpyk3f/which_movie_is_the_biggest_waste_of_potential/,367,
What is the worst piece of advice you've seen on/used from Reddit?,,02-22-2021 05:52:29,4635,0.97,lpdcfs,False,False,False,False,False,https://www.reddit.com/r/AskReddit/comments/lpdcfs/what_is_the_worst_piece_of_advice_youve_seen/,2463,
What's a cool fact about dinosaurs you know?,,02-22-2021 02:09:50,17787,0.95,lp96cb,False,False,False,False,False,https://www.reddit.com/r/AskReddit/comments/lp96cb/whats_a_cool_fact_about_dinosaurs_you_know/,4058,
What's the nicest interaction you've ever had with a stranger?,,02-22-2021 16:39:08,443,0.94,lpo7ht,False,False,False,False,False,https://www.reddit.com/r/AskReddit/comments/lpo7ht/whats_the_nicest_interaction_youve_ever_had_with/,310,
The last game you played is where you’re living for the next year. How screwed are you?,,02-22-2021 09:10:11,1870,0.9,lpgrh7,False,False,False,False,False,https://www.reddit.com/r/AskReddit/comments/lpgrh7/the_last_game_you_played_is_where_youre_living/,3720,
[Serious] Apparently history is not taught the same way around the world. So that begs the question: How does your country/education system teach its students about WW2?,Serious Replies Only,02-22-2021 23:36:14,113,0.87,lpz51t,False,False,False,False,False,https://www.reddit.com/r/AskReddit/comments/lpz51t/serious_apparently_history_is_not_taught_the_same/,212,
How would you feel about changing fines from fixed dollar amounts to a percentage of a person's income?,,02-22-2021 23:28:04,107,0.79,lpyxkj,False,False,False,False,False,https://www.reddit.com/r/AskReddit/comments/lpyxkj/how_would_you_feel_about_changing_fines_from/,105,
What gives you anxiety?,,02-22-2021 05:14:31,3947,0.94,lpcnnq,False,False,False,False,False,https://www.reddit.com/r/AskReddit/comments/lpcnnq/what_gives_you_anxiety/,2821,
What is the weirdest thing someone has gotten angry at you for?,,02-22-2021 23:37:53,95,0.89,lpz6j0,False,False,False,False,False,https://www.reddit.com/r/AskReddit/comments/lpz6j0/what_is_the_weirdest_thing_someone_has_gotten/,197,
What's a video game you enjoyed that most people disliked?,,02-21-2021 23:05:22,24787,0.93,lp5bqa,False,False,False,False,False,https://www.reddit.com/r/AskReddit/comments/lp5bqa/whats_a_video_game_you_enjoyed_that_most_people/,16968,
People who post NSFW content: Has anyone from your real life ever found out? What happened?,,02-22-2021 14:09:16,446,0.86,lplhjc,False,False,True,False,False,https://www.reddit.com/r/AskReddit/comments/lplhjc/people_who_post_nsfw_content_has_anyone_from_your/,298,
[Serious] What’s the worst physical pain you’ve ever felt ?,Serious Replies Only,02-22-2021 16:40:42,261,0.9,lpo8qb,False,False,False,False,False,https://www.reddit.com/r/AskReddit/comments/lpo8qb/serious_whats_the_worst_physical_pain_youve_ever/,761,
What actor/actress was completely 100% meant for the role?,,02-22-2021 22:51:22,82,0.8,lpy029,False,False,False,False,False,https://www.reddit.com/r/AskReddit/comments/lpy029/what_actoractress_was_completely_100_meant_for/,363,
What is the single worst personality trait in your opinion?,,02-22-2021 23:28:41,73,0.86,lpyy46,False,False,False,False,False,https://www.reddit.com/r/AskReddit/comments/lpyy46/what_is_the_single_worst_personality_trait_in/,170,
Redditors who can stop eating after two pieces of pizza or less: How do you do feel living in that ivory tower of self-control?,,02-23-2021 04:33:17,23,0.81,lq5rsd,False,False,False,False,False,https://www.reddit.com/r/AskReddit/comments/lq5rsd/redditors_who_can_stop_eating_after_two_pieces_of/,32,
What is something you're better at with your weaker hand ?,,02-22-2021 16:11:32,209,0.9,lpnnhd,False,False,False,False,False,https://www.reddit.com/r/AskReddit/comments/lpnnhd/what_is_something_youre_better_at_with_your/,446,
Who remembers when TLC and History Channel before they were reality shows all the time? Which version do you prefer and why?,,02-22-2021 22:56:53,57,0.83,lpy4xo,False,False,False,False,False,https://www.reddit.com/r/AskReddit/comments/lpy4xo/who_remembers_when_tlc_and_history_channel_before/,47,
What’s something that’s secretly been great about the pandemic?,,02-23-2021 03:26:37,25,0.76,lq4fu3,False,False,False,False,False,https://www.reddit.com/r/AskReddit/comments/lq4fu3/whats_something_thats_secretly_been_great_about/,87,
"If they found ancient human skeletal remains on mars , what would your first theory be?",,02-23-2021 03:28:32,23,0.78,lq4h7m,False,False,False,False,False,https://www.reddit.com/r/AskReddit/comments/lq4h7m/if_they_found_ancient_human_skeletal_remains_on/,74,
"What’s the weirdest sex thing your partner has asked you to do, and did you do it?",,02-22-2021 05:16:19,1056,0.86,lpcors,False,False,True,False,False,https://www.reddit.com/r/AskReddit/comments/lpcors/whats_the_weirdest_sex_thing_your_partner_has/,1444,
What is a toxic trait that you have but you don't want to admit it?,,02-22-2021 15:42:41,149,0.89,lpn47o,False,False,False,False,False,https://www.reddit.com/r/AskReddit/comments/lpn47o/what_is_a_toxic_trait_that_you_have_but_you_dont/,328,
What two movies would make a great movie when combined?,,02-22-2021 19:55:59,68,0.78,lptes4,False,False,False,False,False,https://www.reddit.com/r/AskReddit/comments/lptes4/what_two_movies_would_make_a_great_movie_when/,176,
What is a wholesome youtube channel you enjoy?,,02-22-2021 23:07:47,38,0.8,lpyf6i,False,False,False,False,False,https://www.reddit.com/r/AskReddit/comments/lpyf6i/what_is_a_wholesome_youtube_channel_you_enjoy/,128,
What things from the 90's do you miss and wish we brought back?,,02-23-2021 00:23:04,29,0.76,lq0bzp,False,False,False,False,False,https://www.reddit.com/r/AskReddit/comments/lq0bzp/what_things_from_the_90s_do_you_miss_and_wish_we/,98,
What is really bad for the environment but most people are okay with ?,,02-23-2021 03:35:23,16,0.79,lq4ma5,False,False,False,False,False,https://www.reddit.com/r/AskReddit/comments/lq4ma5/what_is_really_bad_for_the_environment_but_most/,53,
"People who became parents in their mid-thirties or later, how has your experience been so far?",,02-22-2021 15:55:00,133,0.94,lpnc4g,False,False,False,False,False,https://www.reddit.com/r/AskReddit/comments/lpnc4g/people_who_became_parents_in_their_midthirties_or/,156,
"This is a toast post, how do you make and eat your toast in the morning?",,02-22-2021 18:25:35,82,0.85,lpqrzd,False,False,False,False,False,https://www.reddit.com/r/AskReddit/comments/lpqrzd/this_is_a_toast_post_how_do_you_make_and_eat_your/,142,
"To all non-Germans, what are some prejudices you have against Germans?",,02-22-2021 21:48:23,39,0.74,lpwdml,False,False,False,False,False,https://www.reddit.com/r/AskReddit/comments/lpwdml/to_all_nongermans_what_are_some_prejudices_you/,229,
"Airport workers of any position, how often do people make ""I have illegal item/s in my bag"" jokes? And what are the consequences?",,02-23-2021 02:54:51,18,0.85,lq3rnl,False,False,False,False,False,https://www.reddit.com/r/AskReddit/comments/lq3rnl/airport_workers_of_any_position_how_often_do/,9,
"If humans had the ability to look into each other's imagination, how would people react to your imagination?",,02-23-2021 00:48:13,23,0.77,lq0xvu,False,False,False,False,False,https://www.reddit.com/r/AskReddit/comments/lq0xvu/if_humans_had_the_ability_to_look_into_each/,82,
How cringe were your first social media profiles?,,02-23-2021 01:53:47,18,0.85,lq2g9x,False,False,False,False,False,https://www.reddit.com/r/AskReddit/comments/lq2g9x/how_cringe_were_your_first_social_media_profiles/,37,
"What’s something that everyone thinks is recyclable, but it actually isn’t?",,02-22-2021 21:30:15,39,0.79,lpvwjx,False,False,False,False,False,https://www.reddit.com/r/AskReddit/comments/lpvwjx/whats_something_that_everyone_thinks_is/,76,
"American Redditors, What are some of the strangest laws ever created?",,02-23-2021 04:24:56,10,0.92,lq5m15,False,False,False,False,False,https://www.reddit.com/r/AskReddit/comments/lq5m15/american_redditors_what_are_some_of_the_strangest/,13,
What UK series should NEVER be remade American-style?,,02-23-2021 01:21:08,19,0.75,lq1qbz,False,False,False,False,False,https://www.reddit.com/r/AskReddit/comments/lq1qbz/what_uk_series_should_never_be_remade/,107,
What is something you never had the balls to do?,,02-22-2021 23:32:55,24,0.75,lpz20d,False,False,False,False,False,https://www.reddit.com/r/AskReddit/comments/lpz20d/what_is_something_you_never_had_the_balls_to_do/,69,
How did you overcome depression?,,02-23-2021 01:12:41,19,0.79,lq1izu,False,False,False,False,False,https://www.reddit.com/r/AskReddit/comments/lq1izu/how_did_you_overcome_depression/,70,
"What bad experience had you saying ""I will never buy from that company or use their service ever again""?",,02-23-2021 03:41:35,11,0.92,lq4qv1,False,False,False,False,False,https://www.reddit.com/r/AskReddit/comments/lq4qv1/what_bad_experience_had_you_saying_i_will_never/,19,
"Non Americans, what is your country best known for?",,02-22-2021 11:04:17,253,0.88,lpimqk,False,False,False,False,False,https://www.reddit.com/r/AskReddit/comments/lpimqk/non_americans_what_is_your_country_best_known_for/,1134,
How would you feel about receiving a love letter from your SO?,,02-23-2021 04:32:19,11,0.92,lq5r3p,False,False,False,False,False,https://www.reddit.com/r/AskReddit/comments/lq5r3p/how_would_you_feel_about_receiving_a_love_letter/,23,
"you were offered 21 billion dollars to have sex with a physical manifestation of your username, what you do?",,02-23-2021 04:59:31,8,0.75,lq6a80,False,False,True,False,False,https://www.reddit.com/r/AskReddit/comments/lq6a80/you_were_offered_21_billion_dollars_to_have_sex/,44,
What’s the biggest waste of money?,,02-23-2021 04:14:49,10,0.86,lq5er9,False,False,False,False,False,https://www.reddit.com/r/AskReddit/comments/lq5er9/whats_the_biggest_waste_of_money/,31,
What stereotype actually describes you?,,02-23-2021 01:09:40,17,0.76,lq1gch,False,False,False,False,False,https://www.reddit.com/r/AskReddit/comments/lq1gch/what_stereotype_actually_describes_you/,51,
Which retailer or restaurant is surprisingly still around?,,02-23-2021 03:59:42,10,0.92,lq53gf,False,False,False,False,False,https://www.reddit.com/r/AskReddit/comments/lq53gf/which_retailer_or_restaurant_is_surprisingly/,31,
"People who have temporarily ""died"", what did you see/experience?",,02-22-2021 23:55:50,22,0.69,lpzmy3,False,False,False,False,False,https://www.reddit.com/r/AskReddit/comments/lpzmy3/people_who_have_temporarily_died_what_did_you/,71,
What confuses you about Britain/British people?,,02-22-2021 22:29:59,28,0.77,lpxgmo,False,False,False,False,False,https://www.reddit.com/r/AskReddit/comments/lpxgmo/what_confuses_you_about_britainbritish_people/,272,
What movie/tv show cliche has happened to you in real life?,,02-23-2021 04:10:02,9,0.84,lq5b65,False,False,False,False,False,https://www.reddit.com/r/AskReddit/comments/lq5b65/what_movietv_show_cliche_has_happened_to_you_in/,9,
What's the worst lie you've heard?,,02-23-2021 04:07:01,9,0.85,lq58wy,False,False,False,False,False,https://www.reddit.com/r/AskReddit/comments/lq58wy/whats_the_worst_lie_youve_heard/,19,
What's something you shouldn't say at a family member's funeral?,,02-22-2021 16:15:10,76,0.76,lpnpx6,False,False,True,False,False,https://www.reddit.com/r/AskReddit/comments/lpnpx6/whats_something_you_shouldnt_say_at_a_family/,198,
You have more money then you can spend in a lifetime and everything money can buy. You have traveled the world and seen everything worth seeing. Now what?,,02-23-2021 00:24:48,15,0.75,lq0do8,False,False,False,False,False,https://www.reddit.com/r/AskReddit/comments/lq0do8/you_have_more_money_then_you_can_spend_in_a/,65,
"In light of Daft Punk splitting, Reddit what is your favourite song by them? Or if you went to see them live, what was the best experience you had?",,02-23-2021 04:22:17,7,0.82,lq5k6z,False,False,False,False,False,https://www.reddit.com/r/AskReddit/comments/lq5k6z/in_light_of_daft_punk_splitting_reddit_what_is/,12,
What is important to you in a video game?,,02-23-2021 03:09:29,10,0.7,lq42zr,False,False,False,False,False,https://www.reddit.com/r/AskReddit/comments/lq42zr/what_is_important_to_you_in_a_video_game/,70,
What situations have being nice gotten you what you wanted?,,02-22-2021 22:35:18,24,0.86,lpxliv,02-22-2021 17:13:23,False,False,False,False,https://www.reddit.com/r/AskReddit/comments/lpxliv/what_situations_have_being_nice_gotten_you_what/,35,
"[serious] People with no genuine friendships, how is your life?",Serious Replies Only,02-22-2021 09:35:07,254,0.92,lph6e0,False,False,False,False,False,https://www.reddit.com/r/AskReddit/comments/lph6e0/serious_people_with_no_genuine_friendships_how_is/,319,
"Those who received your vaccines, how are you guys feeling? Do you experience any side effects after the injection?",,02-23-2021 04:04:52,8,0.73,lq57c2,False,False,False,False,False,https://www.reddit.com/r/AskReddit/comments/lq57c2/those_who_received_your_vaccines_how_are_you_guys/,21,
"What is the dumbest thing you've heard someone claim is ""wrong"", ""immoral"", or ""evil""?",,02-23-2021 03:25:28,9,0.8,lq4f03,False,False,False,False,False,https://www.reddit.com/r/AskReddit/comments/lq4f03/what_is_the_dumbest_thing_youve_heard_someone/,41,
"If you had the chance to “upgrade” any part of your body with advanced technology, what would you upgrade and why?",,02-23-2021 02:49:16,10,0.86,lq3ncm,False,False,False,False,False,https://www.reddit.com/r/AskReddit/comments/lq3ncm/if_you_had_the_chance_to_upgrade_any_part_of_your/,38,
What’s a cool fact about space you know?,,02-22-2021 18:15:50,44,0.82,lpqfyn,False,False,False,False,False,https://www.reddit.com/r/AskReddit/comments/lpqfyn/whats_a_cool_fact_about_space_you_know/,159,
What is the dirtiest sounding word in the english language that doesn’t have a dirty definition?,,02-22-2021 23:42:05,18,0.76,lpzaa3,False,False,False,False,False,https://www.reddit.com/r/AskReddit/comments/lpzaa3/what_is_the_dirtiest_sounding_word_in_the_english/,53,
[Serious] Parents of Reddit: We just found out after years of trying we're expecting our firstborn in October! What advice do you have for first-timers?,Serious Replies Only,02-23-2021 03:43:47,9,0.92,lq4sdh,False,False,False,False,False,https://www.reddit.com/r/AskReddit/comments/lq4sdh/serious_parents_of_reddit_we_just_found_out_after/,17,
What’s something unusual that can completely boost your mood?,,02-23-2021 03:01:45,9,0.91,lq3wys,False,False,False,False,False,https://www.reddit.com/r/AskReddit/comments/lq3wys/whats_something_unusual_that_can_completely_boost/,16,
"Would it be offensive to name a child a Japanese name if they are not Japanese, if so why?",,02-23-2021 04:22:30,6,0.8,lq5kcr,False,False,False,False,False,https://www.reddit.com/r/AskReddit/comments/lq5kcr/would_it_be_offensive_to_name_a_child_a_japanese/,36,
"People who walk in the road when there is a perfectly good sidewalk, why?",,02-22-2021 23:13:20,20,0.69,lpyk74,False,False,False,False,False,https://www.reddit.com/r/AskReddit/comments/lpyk74/people_who_walk_in_the_road_when_there_is_a/,39,
What is the biggest bullshit your parents has ever told to you?,,02-22-2021 15:35:37,74,0.84,lpmzwu,False,False,False,False,False,https://www.reddit.com/r/AskReddit/comments/lpmzwu/what_is_the_biggest_bullshit_your_parents_has/,177,
"What's something you hate,but almost every game has?",,02-22-2021 19:33:56,35,0.72,lpsucn,False,False,False,False,False,https://www.reddit.com/r/AskReddit/comments/lpsucn/whats_something_you_hatebut_almost_every_game_has/,186,
What's your favorite youtube channel and why?,,02-22-2021 23:47:23,15,0.73,lpzf5o,False,False,False,False,False,https://www.reddit.com/r/AskReddit/comments/lpzf5o/whats_your_favorite_youtube_channel_and_why/,51,
What is the most overrated candy?,,02-23-2021 02:53:39,9,0.85,lq3qpt,False,False,False,False,False,https://www.reddit.com/r/AskReddit/comments/lq3qpt/what_is_the_most_overrated_candy/,89,
"People who never read books, why?",,02-23-2021 02:19:18,10,0.69,lq30ia,False,False,False,False,False,https://www.reddit.com/r/AskReddit/comments/lq30ia/people_who_never_read_books_why/,59,
What has an unjustified stigma in society?,,02-23-2021 03:30:57,8,0.84,lq4izn,False,False,False,False,False,https://www.reddit.com/r/AskReddit/comments/lq4izn/what_has_an_unjustified_stigma_in_society/,20,
What is a disturbing trend that is coming back now?,,02-22-2021 20:08:45,28,0.75,lptrmr,False,False,False,False,False,https://www.reddit.com/r/AskReddit/comments/lptrmr/what_is_a_disturbing_trend_that_is_coming_back_now/,202,
"If no is the answer, what is the question?",,02-22-2021 23:04:38,18,0.72,lpyc7z,False,False,False,False,False,https://www.reddit.com/r/AskReddit/comments/lpyc7z/if_no_is_the_answer_what_is_the_question/,88,
Gen Z- What Stereotype About Gen Z Do You Hate Most?,,02-22-2021 19:08:58,37,0.81,lps7c0,False,False,False,False,False,https://www.reddit.com/r/AskReddit/comments/lps7c0/gen_z_what_stereotype_about_gen_z_do_you_hate_most/,166,
What drugs/supplements are you taking now?,,02-22-2021 23:41:58,17,0.8,lpza6r,False,False,False,False,False,https://www.reddit.com/r/AskReddit/comments/lpza6r/what_drugssupplements_are_you_taking_now/,37,
How do you catch someone's attention in 5 seconds in a conversation (non-sexual) ?,,02-22-2021 12:35:43,123,0.84,lpk1h3,False,False,True,False,False,https://www.reddit.com/r/AskReddit/comments/lpk1h3/how_do_you_catch_someones_attention_in_5_seconds/,223,
What actor/actress was 100% perfect for the role?,,02-23-2021 01:39:13,12,0.75,lq24jk,False,False,False,False,False,https://www.reddit.com/r/AskReddit/comments/lq24jk/what_actoractress_was_100_perfect_for_the_role/,65,
What do you genuinely not understand?,,02-22-2021 16:41:23,57,0.8,lpo9e9,False,False,False,False,False,https://www.reddit.com/r/AskReddit/comments/lpo9e9/what_do_you_genuinely_not_understand/,291,
What is the best color to paint your front door?,,02-22-2021 22:55:33,17,0.75,lpy3s2,False,False,False,False,False,https://www.reddit.com/r/AskReddit/comments/lpy3s2/what_is_the_best_color_to_paint_your_front_door/,38,
What album can you listen to over and over and it just never gets old?,,02-23-2021 01:07:17,11,0.77,lq1ea2,False,False,False,False,False,https://www.reddit.com/r/AskReddit/comments/lq1ea2/what_album_can_you_listen_to_over_and_over_and_it/,63,
"How would you feel about a nationwide program similar to AA but for racists/xenophobes called ""Racists Anonymous""?",,02-23-2021 00:16:39,16,0.6,lq0697,False,False,False,False,False,https://www.reddit.com/r/AskReddit/comments/lq0697/how_would_you_feel_about_a_nationwide_program/,95,
"Reddit becomes available during medieval times, what would be the most popular subreddits?",,02-23-2021 03:16:32,9,0.74,lq48cz,False,False,False,False,False,https://www.reddit.com/r/AskReddit/comments/lq48cz/reddit_becomes_available_during_medieval_times/,19,
"Doctors/medical professionals, what’s the most unrealistic thing you’ve seen in a movie or tv show?",,02-23-2021 00:12:39,15,0.78,lq02pg,False,False,False,False,False,https://www.reddit.com/r/AskReddit/comments/lq02pg/doctorsmedical_professionals_whats_the_most/,7,
"If every other human on the planet suddenly died and you were the only one left, what would you do?",,02-22-2021 21:45:05,21,0.75,lpwaew,False,False,False,False,False,https://www.reddit.com/r/AskReddit/comments/lpwaew/if_every_other_human_on_the_planet_suddenly_died/,62,
What's something you expect to enjoy but actually turns out to suck?,,02-23-2021 01:30:38,11,0.87,lq1xsy,False,False,False,False,False,https://www.reddit.com/r/AskReddit/comments/lq1xsy/whats_something_you_expect_to_enjoy_but_actually/,38,
How do you stop being scared of aging?,,02-22-2021 17:06:27,49,0.81,lposec,False,False,False,False,False,https://www.reddit.com/r/AskReddit/comments/lposec/how_do_you_stop_being_scared_of_aging/,90,
What’s your favorite flavor and brand of ice cream?,,02-23-2021 03:07:36,7,0.74,lq41i3,False,False,False,False,False,https://www.reddit.com/r/AskReddit/comments/lq41i3/whats_your_favorite_flavor_and_brand_of_ice_cream/,32,
Java scripters of reddit how much times do you cry a day?,,02-23-2021 02:20:56,7,0.62,lq31sg,False,False,False,False,False,https://www.reddit.com/r/AskReddit/comments/lq31sg/java_scripters_of_reddit_how_much_times_do_you/,18,
People who have ADHD ADD or something similar. How do you motivate yourselves to do things such as chores or school?,,02-22-2021 22:50:46,18,0.76,lpxziw,False,False,False,False,False,https://www.reddit.com/r/AskReddit/comments/lpxziw/people_who_have_adhd_add_or_something_similar_how/,110,
At what age do people start to respect what you say?,,02-23-2021 03:39:14,7,0.89,lq4p4g,False,False,False,False,False,https://www.reddit.com/r/AskReddit/comments/lq4p4g/at_what_age_do_people_start_to_respect_what_you/,20,
"You can live on a paradise island; but you can only grow only 4 crops for life. 1 Vegetable, 1 fruit, 1 grain, & 1 root vegetable. What type of each would you grow?",,02-23-2021 04:21:51,5,0.78,lq5jx0,False,False,False,False,False,https://www.reddit.com/r/AskReddit/comments/lq5jx0/you_can_live_on_a_paradise_island_but_you_can/,29,
